Workbook

Sheet Python Course
A1: Day | B1: Date | C1: Topic | D1: Planned Hours | E1: Actual Hours | F1: Completion % | G1: Status | H1: Consistency Score | I1: Weekly Review
A2: 1 | B2: 07-05-2026 | C2: Add Syllabus Topic | D2: 4 | E2: 0 | F2: =IF(D2=0,0,E2/D2) -> 0 | G2: =IF(F2=1,"Completed",IF(F2>=0.5,"Partial","Missed")) -> Missed | H2: =IF(G2="Completed",1,0) -> 0
A3: 2 | B3: 08-05-2026 | C3: Add Syllabus Topic | D3: 4 | E3: 0 | F3: =IF(D3=0,0,E3/D3) -> 0 | G3: =IF(F3=1,"Completed",IF(F3>=0.5,"Partial","Missed")) -> Missed | H3: =IF(G3="Completed",1,0) -> 0
A4: 3 | B4: 09-05-2026 | C4: Add Syllabus Topic | D4: 4 | E4: 0 | F4: =IF(D4=0,0,E4/D4) -> 0 | G4: =IF(F4=1,"Completed",IF(F4>=0.5,"Partial","Missed")) -> Missed | H4: =IF(G4="Completed",1,0) -> 0
A5: 4 | B5: 10-05-2026 | C5: Add Syllabus Topic | D5: 4 | E5: 0 | F5: =IF(D5=0,0,E5/D5) -> 0 | G5: =IF(F5=1,"Completed",IF(F5>=0.5,"Partial","Missed")) -> Missed | H5: =IF(G5="Completed",1,0) -> 0
A6: 5 | B6: 11-05-2026 | C6: Add Syllabus Topic | D6: 4 | E6: 0 | F6: =IF(D6=0,0,E6/D6) -> 0 | G6: =IF(F6=1,"Completed",IF(F6>=0.5,"Partial","Missed")) -> Missed | H6: =IF(G6="Completed",1,0) -> 0
A7: 6 | B7: 12-05-2026 | C7: Add Syllabus Topic | D7: 4 | E7: 0 | F7: =IF(D7=0,0,E7/D7) -> 0 | G7: =IF(F7=1,"Completed",IF(F7>=0.5,"Partial","Missed")) -> Missed | H7: =IF(G7="Completed",1,0) -> 0
A8: 7 | B8: 13-05-2026 | C8: Add Syllabus Topic | D8: 4 | E8: 0 | F8: =IF(D8=0,0,E8/D8) -> 0 | G8: =IF(F8=1,"Completed",IF(F8>=0.5,"Partial","Missed")) -> Missed | H8: =IF(G8="Completed",1,0) -> 0
A9: 8 | B9: 14-05-2026 | C9: Add Syllabus Topic | D9: 4 | E9: 0 | F9: =IF(D9=0,0,E9/D9) -> 0 | G9: =IF(F9=1,"Completed",IF(F9>=0.5,"Partial","Missed")) -> Missed | H9: =IF(G9="Completed",1,0) -> 0
A10: 9 | B10: 15-05-2026 | C10: Add Syllabus Topic | D10: 4 | E10: 0 | F10: =IF(D10=0,0,E10/D10) -> 0 | G10: =IF(F10=1,"Completed",IF(F10>=0.5,"Partial","Missed")) -> Missed | H10: =IF(G10="Completed",1,0) -> 0
A11: 10 | B11: 16-05-2026 | C11: Add Syllabus Topic | D11: 4 | E11: 0 | F11: =IF(D11=0,0,E11/D11) -> 0 | G11: =IF(F11=1,"Completed",IF(F11>=0.5,"Partial","Missed")) -> Missed | H11: =IF(G11="Completed",1,0) -> 0
A12: 11 | B12: 17-05-2026 | C12: Add Syllabus Topic | D12: 4 | E12: 0 | F12: =IF(D12=0,0,E12/D12) -> 0 | G12: =IF(F12=1,"Completed",IF(F12>=0.5,"Partial","Missed")) -> Missed | H12: =IF(G12="Completed",1,0) -> 0
A13: 12 | B13: 18-05-2026 | C13: Add Syllabus Topic | D13: 4 | E13: 0 | F13: =IF(D13=0,0,E13/D13) -> 0 | G13: =IF(F13=1,"Completed",IF(F13>=0.5,"Partial","Missed")) -> Missed | H13: =IF(G13="Completed",1,0) -> 0
... A31: 30 | B31: 05-06-2026 | C31: Add Syllabus Topic | D31: 4 | E31: 0 | F31: =IF(D31=0,0,E31/D31) -> 0 | G31: =IF(F31=1,"Completed",IF(F31>=0.5,"Partial","Missed")) -> Missed | H31: =IF(G31="Completed",1,0) -> 0

Sheet ML Course
A1: Day | B1: Date | C1: Topic | D1: Planned Hours | E1: Actual Hours | F1: Completion % | G1: Status | H1: Consistency Score | I1: Weekly Review
A2: 1 | B2: 06-06-2026 | C2: Add ML Topic | D2: 1 | E2: 0 | F2: =IF(D2=0,0,E2/D2) -> 0 | G2: =IF(F2=1,"Completed",IF(F2>=0.5,"Partial","Missed")) -> Missed | H2: =IF(G2="Completed",1,0) -> 0
A3: 2 | B3: 07-06-2026 | C3: Add ML Topic | D3: 1 | E3: 0 | F3: =IF(D3=0,0,E3/D3) -> 0 | G3: =IF(F3=1,"Completed",IF(F3>=0.5,"Partial","Missed")) -> Missed | H3: =IF(G3="Completed",1,0) -> 0
A4: 3 | B4: 08-06-2026 | C4: Add ML Topic | D4: 1 | E4: 0 | F4: =IF(D4=0,0,E4/D4) -> 0 | G4: =IF(F4=1,"Completed",IF(F4>=0.5,"Partial","Missed")) -> Missed | H4: =IF(G4="Completed",1,0) -> 0
A5: 4 | B5: 09-06-2026 | C5: Add ML Topic | D5: 1 | E5: 0 | F5: =IF(D5=0,0,E5/D5) -> 0 | G5: =IF(F5=1,"Completed",IF(F5>=0.5,"Partial","Missed")) -> Missed | H5: =IF(G5="Completed",1,0) -> 0
A6: 5 | B6: 10-06-2026 | C6: Add ML Topic | D6: 1 | E6: 0 | F6: =IF(D6=0,0,E6/D6) -> 0 | G6: =IF(F6=1,"Completed",IF(F6>=0.5,"Partial","Missed")) -> Missed | H6: =IF(G6="Completed",1,0) -> 0
A7: 6 | B7: 11-06-2026 | C7: Add ML Topic | D7: 1 | E7: 0 | F7: =IF(D7=0,0,E7/D7) -> 0 | G7: =IF(F7=1,"Completed",IF(F7>=0.5,"Partial","Missed")) -> Missed | H7: =IF(G7="Completed",1,0) -> 0
A8: 7 | B8: 12-06-2026 | C8: Add ML Topic | D8: 1 | E8: 0 | F8: =IF(D8=0,0,E8/D8) -> 0 | G8: =IF(F8=1,"Completed",IF(F8>=0.5,"Partial","Missed")) -> Missed | H8: =IF(G8="Completed",1,0) -> 0
A9: 8 | B9: 13-06-2026 | C9: Add ML Topic | D9: 1 | E9: 0 | F9: =IF(D9=0,0,E9/D9) -> 0 | G9: =IF(F9=1,"Completed",IF(F9>=0.5,"Partial","Missed")) -> Missed | H9: =IF(G9="Completed",1,0) -> 0
A10: 9 | B10: 14-06-2026 | C10: Add ML Topic | D10: 1 | E10: 0 | F10: =IF(D10=0,0,E10/D10) -> 0 | G10: =IF(F10=1,"Completed",IF(F10>=0.5,"Partial","Missed")) -> Missed | H10: =IF(G10="Completed",1,0) -> 0
A11: 10 | B11: 15-06-2026 | C11: Add ML Topic | D11: 1 | E11: 0 | F11: =IF(D11=0,0,E11/D11) -> 0 | G11: =IF(F11=1,"Completed",IF(F11>=0.5,"Partial","Missed")) -> Missed | H11: =IF(G11="Completed",1,0) -> 0
A12: 11 | B12: 16-06-2026 | C12: Add ML Topic | D12: 1 | E12: 0 | F12: =IF(D12=0,0,E12/D12) -> 0 | G12: =IF(F12=1,"Completed",IF(F12>=0.5,"Partial","Missed")) -> Missed | H12: =IF(G12="Completed",1,0) -> 0
A13: 12 | B13: 17-06-2026 | C13: Add ML Topic | D13: 1 | E13: 0 | F13: =IF(D13=0,0,E13/D13) -> 0 | G13: =IF(F13=1,"Completed",IF(F13>=0.5,"Partial","Missed")) -> Missed | H13: =IF(G13="Completed",1,0) -> 0
... A31: 30 | B31: 05-07-2026 | C31: Add ML Topic | D31: 1 | E31: 0 | F31: =IF(D31=0,0,E31/D31) -> 0 | G31: =IF(F31=1,"Completed",IF(F31>=0.5,"Partial","Missed")) -> Missed | H31: =IF(G31="Completed",1,0) -> 0

Sheet Dashboard
A1: 60-Day Learning Dashboard
A3: Python Planned Hours | B3: =SUM('Python Course'!D2:D31) -> 120
A4: Python Actual Hours | B4: =SUM('Python Course'!E2:E31) -> 0
A5: ML Planned Hours | B5: =SUM('ML Course'!D2:D31) -> 30
A6: ML Actual Hours | B6: =SUM('ML Course'!E2:E31) -> 0
A7: Python Consistency % | B7: =AVERAGE('Python Course'!H2:H31) -> 0
A8: ML Consistency % | B8: =AVERAGE('ML Course'!H2:H31) -> 0
